"user";"booking_date";"origin_airport";"price";"sales channel";"company";"user_country";"index"
"user5";2018-11-01;"MAD";58,2000007629;"online";"I2";NA;1
"user7";2018-11-01;"DUB";147,5;"online";"I2";NA;2
"user4";2018-11-02;"TFS";24,0499992371;"online";"I2";NA;3
"user8";2018-10-29;"MAD";59,7099990845;"online";"I2";NA;4
"user7";2018-11-01;"LPA";37,2999992371;"call center";"I2";NA;5
"user1";2018-11-01;"AMS";149,740005493;"travel agency";"I2";NA;6
"user1";2018-11-01;"MAD";19,9500007629;"online";"I2";NA;7
"user6";2018-10-30;"MAD";26,1399993896;"online";"I2";NA;8
"user3";2018-11-01;"LPA";22,5200004578;"online";"I2";NA;9
"user9";2018-11-01;"MAD";28,5599994659;"online";"I2";NA;10
"user4";2018-11-01;"PMI";31,5100002289;"online";"I2";NA;11
"user10";2018-11-01;"MAD";81,0500030518;"online";"I2";NA;12
"user5";2018-10-31;"STR";49,3699989319;"online";"I2";NA;13
"user3";2018-11-01;"GRU";18,9799995422;"travel agency";"I2";NA;14
"user3";2018-10-31;"AMS";50,3100013733;"online";"I2";NA;15
"user3";2018-11-01;"PMI";41,4500007629;"online";"I2";NA;16
"user9";2018-11-01;"FUE";128,240005493;"travel agency";"I2";NA;17
"user3";2018-10-29;"MAD";31,9799995422;"online";"I2";NA;18
"user3";2018-11-01;"DUB";83,1500015259;"online";"I2";NA;19
"user9";2018-11-01;"PMI";NA;"online";"I2";NA;20
"user1";2018-10-31;"CPH";3000,4799995422;"online";"I2";NA;21
"user3";2018-11-01;"ALC";140,029998779;"travel agency";"I2";NA;22
"user3";2018-11-01;"VGO";54,8400001526;"online";"I2";NA;23
"user9";2018-11-01;"MAD";35,0699996948;"online";"I2";NA;24
"user10";2018-10-29;"TFN";49,7200012207;"online";"I2";NA;25
"user2";2018-11-01;"MAD";12,4499998093;"online";"I2";NA;26
"user4";2018-11-01;"LYS";60,9000015259;"online";"I2";NA;27
"user6";2018-10-29;"MAD";48,9399986267;"online";"I2";NA;28
"user7";2018-11-01;"MAD";39,3300018311;"online";"I2";NA;29
"user6";2018-10-30;"MAD";20,8899993896;"travel agency";"I2";NA;30
"user10";2018-11-01;"MAD";310,619995117;"online";"I2";NA;31
"user4";2018-11-01;"NAP";131,160003662;"online";"I2";NA;32
"user8";2018-10-29;"MAD";86,6600036621;"travel agency";"I2";NA;33
"user1";2018-11-01;"VGO";109,010002136;"online";"I2";NA;34
"user7";2018-11-01;"MAD";46,9900016785;"online";"I2";NA;35
"user5";2018-11-02;"MAD";41,5400009155;"online";"I2";NA;36
"user7";2018-10-29;"MAD";53,7700004578;"travel agency";"I2";NA;37
"user1";2018-11-01;"SCQ";60,8499984741;"travel agency";"I2";NA;38
"user10";2018-11-01;"MAD";73,5;"travel agency";"I2";NA;39
"user8";2018-11-01;"MAD";109,709999084;"online";"I2";NA;40
"user7";2018-11-01;"NTE";155,240005493;"call center";"I2";NA;41
"user3";2018-10-31;"MAD";78,5100021362;"travel agency";"I2";NA;42
"user1";2018-11-01;"MAD";211,229995728;"travel agency";"I2";NA;43
"user1";2018-11-01;"MAD";60;"travel agency";"I2";NA;44
"user6";2018-11-01;"MAD";46,0999984741;"online";"I2";NA;45
"user7";2018-10-29;"LGW";20,7000007629;"online";"I2";NA;46
"user1";2018-11-01;"MAD";29,6100006104;"travel agency";"I2";NA;47
"user2";2018-11-01;"MAD";73,5;"travel agency";"I2";NA;48
"user10";2018-11-01;"MAD";98,8199996948;"online";"I2";NA;49
"user3";2018-11-02;"TFN";251,199996948;"travel agency";"I2";NA;50
"user5";2018-11-01;"SCQ";127,959999084;"online";"I2";NA;51
"user8";2018-11-01;"MAD";104,419998169;"online";"I2";NA;52
"user6";2018-11-01;"MAD";60,1500015259;"online";"I2";NA;53
"user5";2018-10-31;"MAD";39,3800010681;"travel agency";"I2";NA;54
"user5";2018-11-01;"ALC";25,6900005341;"travel agency";"I2";NA;55
"user10";2018-11-02;"MAD";15,6000003815;"online";"I2";NA;56
"user3";2018-11-01;"MAD";76,7699966431;"online";"I2";NA;57
"user5";2018-11-01;"DUB";63,6500015259;"online";"I2";NA;58
"user9";2018-11-01;"FUE";59,4199981689;"call center";"I2";NA;59
"user8";2018-11-01;"MAH";23,3400001526;"online";"I2";NA;60
"user5";2018-11-01;"MAD";83,5999984741;"travel agency";"I2";NA;61
"user1";2018-11-02;"LYS";44,0099983215;"online";"I2";NA;62
"user6";2018-11-01;"TFN";120,540000916;"online";"I2";NA;63
"user9";2018-11-01;"MAD";125,370002747;"online";"I2";NA;64
"user10";2018-11-01;"MAD";234,910003662;"online";"I2";NA;65
"user4";2018-11-01;"MAD";29,3700008392;"online";"I2";NA;66
"user9";2018-10-31;"TFN";31,4099998474;"online";"I2";NA;67
"user4";2018-11-01;"TFN";105,699996948;"online";"I2";NA;68
"user7";2018-11-01;"MAD";166,220001221;"travel agency";"I2";NA;69
"user3";2018-11-01;"MAD";170,669998169;"online";"I2";NA;70
"user7";2018-11-01;"AGP";116,949996948;"travel agency";"I2";NA;71
"user4";2018-11-01;"DUB";168,429992676;"online";"I2";NA;72
"user2";2018-11-01;"AGP";34,4399986267;"travel agency";"I2";NA;73
"user4";2018-10-29;"MAD";14,6700000763;"travel agency";"I2";NA;74
"user5";2018-11-01;"OVD";72,5100021362;"online";"I2";NA;75
"user9";2018-11-01;"MAD";79,3899993896;"travel agency";"I2";NA;76
"user10";2018-11-01;"IBZ";46,0299987793;"online";"I2";NA;77
"user3";2018-11-01;"MAD";45,5900001526;"travel agency";"I2";NA;78
"user3";2018-11-01;"MAD";159,869995117;"online";"I2";NA;79
"user10";2018-10-30;"TXL";29,0300006866;"online";"I2";NA;80
"user4";2018-11-01;"TFN";118,720001221;"online";"I2";NA;81
"user4";2018-11-01;"MAD";211,229995728;"online";"I2";NA;82
"user2";2018-11-01;"VGO";13,6099996567;"online";"I2";NA;83
"user4";2018-11-01;"DUB";60;"travel agency";"I2";NA;84
"user6";2018-11-03;"MAD";49,4099998474;"online";"I2";NA;85
"user3";2018-11-01;"AGP";11,8900003433;"online";"I2";NA;86
"user2";2018-11-01;"LPA";NA;"online";"I2";NA;87
"user5";2018-11-01;"MAD";93,6800003052;"online";"I2";NA;88
"user6";2018-11-01;"PMI";194,589996338;"online";"I2";NA;89
"user2";2018-11-01;"PMI";14,8599996567;"online";"I2";NA;90
"user8";2018-11-01;"LGW";42,7000007629;"online";"I2";NA;91
"user8";2018-10-31;"MAD";86,0699996948;"online";"I2";NA;92
"user1";2018-11-01;"STR";71,5699996948;"online";"I2";NA;93
"user8";2018-11-01;"PMI";50,3199996948;"online";"I2";NA;94
"user2";2018-11-01;"MAD";24,8099994659;"online";"I2";NA;95
"user3";2018-11-01;"MAD";83,0299987793;"online";"I2";NA;96
"user9";2018-11-03;"FUE";39,9000015259;"online";"I2";NA;97
"user8";2018-11-01;"MAD";134,190002441;"travel agency";"I2";NA;98
"user2";2018-11-01;"MAD";34,3899993896;"online";"I2";NA;99
"user9";2018-10-29;"MAD";144,440002441;"travel agency";"I2";NA;100
"user2";2018-11-02;"LPA";73,8499984741;"online";"I2";NA;101
"user4";2018-11-01;"MAD";37,5800018311;"online";"I2";NA;102
"user5";2018-11-01;"MAD";26,0599994659;"online";"I2";NA;103
"user7";2018-11-01;"MAD";24,3600006104;"online";"I2";NA;104
"user3";2018-11-01;"SVQ";14,1700000763;"online";"I2";NA;105
"user5";2018-11-01;"MAD";72,6999969482;"online";"I2";NA;106
"user9";2018-11-01;"MAD";NA;"online";"I2";NA;107
"user7";2018-11-02;"MAD";115,470001221;"travel agency";"I2";NA;108
"user6";2018-11-01;"TXL";56,8300018311;"online";"I2";NA;109
"user8";2018-11-01;"SCQ";76,3000030518;"travel agency";"I2";NA;110
"user2";2018-10-31;"TFS";89,0999984741;"travel agency";"I2";NA;111
"user6";2018-11-01;"SVQ";23,7900009155;"online";"I2";NA;112
"user4";2018-11-01;"TXL";103,160003662;"online";"I2";NA;113
"user5";2018-11-01;"MAD";45,9700012207;"online";"I2";NA;114
"user10";2018-10-31;"MAD";23;"online";"I2";NA;115
"user9";2018-11-01;"MAD";48;"online";"I2";NA;116
"user9";2018-11-01;"ACE";106,650001526;"online";"I2";NA;117
"user4";2018-11-01;"MAD";140,550003052;"online";"I2";NA;118
"user1";2018-10-29;"MAD";38,2599983215;"online";"I2";NA;119
"user7";2018-10-31;"LGW";27,0699996948;"online";"I2";NA;120
"user1";2018-11-01;"MAD";36,8499984741;"online";"I2";NA;121
"user4";2018-11-01;"MAD";62,0499992371;"online";"I2";NA;122
"user6";2018-11-02;"MAD";69,4400024414;"online";"I2";NA;123
"user1";2018-11-01;"PMI";46,6100006104;"travel agency";"I2";NA;124
"user3";2018-10-30;"TFS";42,0800018311;"travel agency";"I2";NA;125
"user3";2018-11-01;"MAD";58,0699996948;"online";"I2";NA;126
"user8";2018-10-29;"TFN";22,6900005341;"online";"I2";NA;127
"user8";2018-11-01;"SVQ";17,3799991608;"travel agency";"I2";NA;128
"user7";2018-11-01;"FUE";128,190002441;"online";"I2";NA;129
"user2";2018-11-01;"MAD";166,339996338;"travel agency";"I2";NA;130
"user1";2018-11-01;"PMI";70,8300018311;"online";"I2";NA;131
"user3";2018-11-01;"MAD";78,5599975586;"online";"I2";NA;132
"user5";2018-11-01;"PMI";21,7000007629;"online";"I2";NA;133
"user6";2018-11-03;"NTE";42,7999992371;"online";"I2";NA;134
"user1";2018-10-29;"MAD";30,6000003815;"online";"I2";NA;135
"user10";2018-11-01;"MAD";248,970001221;"online";"I2";NA;136
"user10";2018-11-01;"MAD";130,460006714;"travel agency";"I2";NA;137
"user5";2018-11-02;"AMS";81,3899993896;"travel agency";"I2";NA;138
"user6";2018-11-01;"MAD";223,220001221;"travel agency";"I2";NA;139
"user1";2018-10-31;"LPA";197,160003662;"online";"I2";NA;140
"user3";2018-11-01;"LPA";35,9500007629;"online";"I2";NA;141
"user1";2018-11-03;"MAD";51,6199989319;"online";"I2";NA;142
"user3";2018-10-29;"MAD";41,1100006104;"online";"I2";NA;143
"user3";2018-11-01;"ALC";21,1000003815;"online";"I2";NA;144
"user1";2018-11-01;"TXL";15;"travel agency";"I2";NA;145
"user8";2018-11-01;"XRY";111,540000916;"travel agency";"I2";NA;146
"user2";2018-10-31;"TFN";114,680000305;"travel agency";"I2";NA;147
"user1";2018-10-31;"MAD";NA;"online";"I2";NA;148
"user10";2018-11-01;"MAD";105,11000061;"travel agency";"I2";NA;149
"user5";2018-11-01;"MAD";21,3299999237;"call center";"I2";NA;150
"user10";2018-11-01;"MAD";133,029998779;"online";"I2";NA;151
"user4";2018-10-29;"MAD";68,4400024414;"online";"I2";NA;152
"user3";2018-10-30;"MAD";44,3199996948;"travel agency";"I2";"Spain";153
"user6";2018-11-01;"TFN";201,520004272;"travel agency";"I2";NA;154
"user8";2018-11-03;"LGW";48,1899986267;"online";"I2";NA;155
"user6";2018-11-02;"MAD";NA;"travel agency";"I2";NA;156
"user3";2018-11-01;"MAD";70,0500030518;"online";"I2";NA;157
"user4";2018-11-01;"PMI";121,019996643;"online";"I2";NA;158
"user9";2018-10-29;"MAD";78,5699996948;"online";"I2";NA;159
"user6";2018-11-01;"TFN";81,8099975586;"travel agency";"I2";NA;160
"user5";2018-11-01;"MAD";22,5699996948;"online";"I2";NA;161
"user10";2018-11-01;"MAD";34,9099998474;"online";"I2";NA;162
"user10";2018-11-01;"MAN";34,7099990845;"travel agency";"I2";NA;163
"user10";2018-11-01;"DUS";121,5;"travel agency";"I2";NA;164
"user1";2018-11-01;"SCQ";NA;"online";"I2";NA;165
"user6";2018-11-02;"MAD";41,1199989319;"travel agency";"I2";"Spain";166
"user9";2018-11-01;"ACE";79,3099975586;"online";"I2";NA;167
"user1";2018-11-01;"MAD";99,8600006104;"online";"I2";NA;168
"user9";2018-11-01;"MAD";28,9699993134;"online";"I2";NA;169
"user5";2018-11-01;"VGO";158,380004883;"online";"I2";NA;170
"user2";2018-11-01;"MAD";13,5699996948;"online";"I2";NA;171
"user10";2018-11-01;"MAD";169,839996338;"online";"I2";NA;172
"user9";2018-11-01;"MAD";52,5299987793;"online";"I2";NA;173
"user9";2018-11-01;"AMS";102,930000305;"travel agency";"I2";NA;174
"user3";2018-10-30;"MAD";74,7699966431;"travel agency";"I2";NA;175
"user9";2018-11-01;"CGR";280,519989014;"travel agency";"I2";NA;176
"user6";2018-11-01;"NCE";50,3800010681;"online";"I2";NA;177
"user10";2018-10-29;"TFN";52,7400016785;"online";"I2";NA;178
"user7";2018-11-02;"MAD";274,559997559;"online";"I2";NA;179
"user3";2018-11-01;"MAD";46,0999984741;"online";"I2";NA;180
"user9";2018-11-01;"MAD";115,230003357;"travel agency";"I2";NA;181
"user9";2018-11-01;"MAD";40,2799987793;"travel agency";"I2";NA;182
"user7";2018-10-29;"FUE";29,2600002289;"travel agency";"I2";NA;183
"user1";2018-10-31;"SCQ";37,8600006104;"call center";"I2";NA;184
"user1";2018-11-02;"MAD";150;"travel agency";"I2";NA;185
"user10";2018-11-01;"MAD";29,1100006104;"online";"I2";NA;186
"user7";2018-11-02;"LPA";29,3199996948;"online";"I2";NA;187
"user3";2018-10-29;"CPH";52,7999992371;"online";"I2";NA;188
"user3";2018-11-01;"MAD";40,2999992371;"online";"I2";NA;189
"user3";2018-11-01;"MAD";104,319999695;"online";"I2";NA;190
"user6";2018-10-31;"MAD";53,3600006104;"online";"I2";NA;191
"user7";2018-11-01;"MAD";264,619995117;"travel agency";"I2";NA;192
"user7";2018-11-01;"MAD";92,0199966431;"travel agency";"I2";NA;193
"user7";2018-11-01;"TFN";114,699996948;"call center";"I2";NA;194
"user7";2018-11-01;"MAN";103,550003052;"online";"I2";NA;195
"user5";2018-11-01;"MAD";19,6100006104;"travel agency";"I2";NA;196
"user1";2018-11-01;"MAD";63,3899993896;"travel agency";"I2";NA;197
"user8";2018-11-01;"ACE";111,300003052;"online";"I2";NA;198
"user8";2018-11-01;"SPC";142,910003662;"travel agency";"I2";NA;199
"user8";2018-11-01;"PHL";143,86000061;"online";"I2";NA;200
"user5";2018-11-01;"MAD";52,4399986267;"travel agency";"I2";NA;201
"user4";2018-10-29;"TFN";54,7400016785;"online";"I2";NA;202
"user5";2018-10-29;"MAD";33,5600013733;"online";"I2";NA;203
"user7";2018-11-01;"LPA";152,830001831;"travel agency";"I2";NA;204
"user10";2018-11-01;"MAD";0;"call center";"I2";NA;205
"user3";2018-11-01;"PMI";34;"online";"I2";NA;206
"user10";2018-10-30;"MAD";174,880004883;"travel agency";"I2";NA;207
"user4";2018-11-02;"MAD";332,440002441;"online";"I2";NA;208
"user4";2018-11-02;"MAD";94,9100036621;"travel agency";"I2";NA;209
"user9";2018-11-03;"MAD";23,6499996185;"online";"I2";NA;210
"user2";2018-10-31;"MAD";41,1199989319;"travel agency";"I2";NA;211
"user9";2018-11-01;"MAD";27,0799999237;"online";"I2";NA;212
"user6";2018-11-01;"MAD";1,5;"online";"I2";NA;213
"user4";2018-11-01;"SVQ";20,6800003052;"travel agency";"I2";NA;214
"user8";2018-11-01;"IBZ";20,8099994659;"travel agency";"I2";NA;215
"user1";2018-11-02;"MAD";97,9800033569;"online";"I2";NA;216
"user9";2018-11-01;"PMI";38,9700012207;"online";"I2";NA;217
"user1";2018-11-01;"LPA";166,210006714;"online";"I2";NA;218
"user3";2018-11-01;"LGW";76,1999969482;"online";"I2";NA;219
"user6";2018-10-31;"MAD";81,4499969482;"online";"I2";NA;220
"user1";2018-11-01;"SPC";136,410003662;"online";"I2";NA;221
"user1";2018-11-01;"SPC";57,0099983215;"call center";"I2";NA;222
"user10";2018-11-01;"MAD";48,3499984741;"online";"I2";NA;223
"user10";2018-11-01;"LPA";35,1699981689;"travel agency";"I2";NA;224
"user7";2018-11-01;"PMI";36,4500007629;"online";"I2";NA;225
"user7";2018-11-02;"TXL";55,1199989319;"travel agency";"I2";NA;226
"user3";2018-10-29;"TFS";29,5900001526;"travel agency";"I2";NA;227
"user4";2018-11-01;"MAD";62,4300003052;"online";"I2";NA;228
"user3";2018-11-01;"SCQ";38,7799987793;"travel agency";"I2";NA;229
"user4";2018-11-01;"IBZ";60,7299995422;"online";"I2";NA;230
"user9";2018-11-01;"MAD";26;"travel agency";"I2";NA;231
"user6";2018-11-01;"PMI";51,8199996948;"online";"I2";NA;232
"user9";2018-11-01;"SVQ";162,039993286;"travel agency";"I2";NA;233
"user6";2018-11-01;"DUS";211,229995728;"online";"I2";NA;234
"user9";2018-11-01;"MAD";31,8400001526;"online";"I2";NA;235
"user9";2018-11-01;"MAD";26,9699993134;"online";"I2";NA;236
"user9";2018-11-01;"MAD";218,669998169;"online";"I2";NA;237
"user4";2018-11-01;"MAD";0;"online";"I2";NA;238
"user1";2018-11-01;"MAD";33,9199981689;"online";"I2";NA;239
"user9";2018-10-29;"MAD";54,7900009155;"travel agency";"I2";NA;240
"user8";2018-10-29;"MAD";41,7000007629;"travel agency";"I2";NA;241
"user5";2018-11-01;"MAD";37,9399986267;"travel agency";"I2";NA;242
"user3";2018-11-01;"MAD";80,4100036621;"call center";"I2";NA;243
"user7";2018-11-01;"MAD";110,309997559;"online";"I2";NA;244
"user8";2018-11-01;"NAP";141,86000061;"online";"I2";NA;245
"user1";2018-11-01;"MAD";57,5999984741;"online";"I2";NA;246
"user5";2018-11-01;"MAD";223,970001221;"online";"I2";NA;247
"user4";2018-11-01;"AGP";51,4900016785;"travel agency";"I2";NA;248
"user4";2018-10-29;"MAD";76,6699981689;"online";"I2";NA;249
"user4";2018-11-01;"CLT";53,5999984741;"travel agency";"I2";NA;250
"user2";2018-11-01;"LPA";92,3300018311;"online";"I2";NA;251
"user7";2018-11-01;"MAD";97,5;"online";"I2";NA;252
"user3";2018-11-01;"MAD";72,3199996948;"travel agency";"I2";NA;253
"user8";2018-11-01;"VGO";82,7099990845;"online";"I2";NA;254
"user7";2018-11-01;"ALC";58,4799995422;"travel agency";"I2";NA;255
"user3";2018-11-01;"AGP";22,2800006866;"online";"I2";NA;256
"user2";2018-11-01;"SVQ";34,9000015259;"online";"I2";NA;257
"user3";2018-11-01;"SVQ";25,9300003052;"travel agency";"I2";NA;258
"user1";2018-11-01;"PMI";63,0800018311;"online";"I2";NA;259
"user3";2018-11-01;"AGP";21,2900009155;"online";"I2";NA;260
"user1";2018-11-01;"AGP";27,0599994659;"online";"I2";NA;261
"user8";2018-11-01;"MAH";54,6399993896;"online";"I2";NA;262
"user6";2018-11-01;"MAD";167,75;"online";"I2";NA;263
"user7";2018-11-01;"MAD";76,3099975586;"online";"I2";NA;264
"user7";2018-11-02;"MAD";81,7399978638;"travel agency";"I2";NA;265
"user7";2018-11-01;"DUB";50,2200012207;"online";"I2";NA;266
"user6";2018-11-01;"MAD";95,3499984741;"online";"I2";NA;267
"user2";2018-11-01;"MAD";325,399993896;"travel agency";"I2";NA;268
"user1";2018-11-01;"MAD";57,7900009155;"online";"I2";NA;269
"user9";2018-11-01;"MAD";68,9199981689;"online";"I2";NA;270
"user7";2018-11-01;"BHX";64,9700012207;"call center";"I2";NA;271
"user3";2018-11-01;"MAD";92,4700012207;"online";"I2";NA;272
"user1";2018-11-01;"SVQ";13,6099996567;"travel agency";"I2";NA;273
"user7";2018-10-31;"MAD";30,7700004578;"online";"I2";NA;274
"user9";2018-11-01;"LPA";72,8099975586;"online";"I2";NA;275
"user6";2018-11-01;"LPA";148,779998779;"online";"I2";NA;276
"user8";2018-11-01;"LPA";47,9300003052;"online";"I2";NA;277
"user10";2018-11-01;"MAD";192,289993286;"travel agency";"I2";NA;278
"user6";2018-11-01;"MIA";49,5099983215;"travel agency";"I2";NA;279
"user2";2018-11-01;"ACE";98,3499984741;"online";"I2";NA;280
"user4";2018-11-01;"MAD";87,5500030518;"travel agency";"I2";NA;281
"user8";2018-10-29;"ACE";79,4300003052;"online";"I2";NA;282
"user2";2018-11-01;"TXL";39,2999992371;"online";"I2";NA;283
"user5";2018-11-01;"IBZ";28,25;"online";"I2";NA;284
"user6";2018-11-01;"MAD";151,460006714;"online";"I2";NA;285
"user8";2018-11-01;"CDG";58,7700004578;"travel agency";"I2";NA;286
"user9";2018-11-01;"PMI";43,6199989319;"travel agency";"I2";NA;287
"user7";2018-11-01;"AGP";48,0699996948;"online";"I2";NA;288
"user2";2018-11-01;"AMS";350,440002441;"travel agency";"I2";NA;289
"user2";2018-10-29;"PMI";64,4100036621;"online";"I2";NA;290
"user4";2018-11-01;"MAD";130,740005493;"online";"I2";NA;291
"user10";2018-10-29;"MAD";107,25;"online";"I2";NA;292
"user3";2018-11-01;"LPA";67,2699966431;"online";"I2";NA;293
"user8";2018-11-01;"MAD";37,8800010681;"travel agency";"I2";NA;294
"user8";2018-11-02;"MAD";4,86000013351;"call center";"I2";NA;295
"user8";2018-11-01;"MAD";104,699996948;"online";"I2";NA;296
"user9";2018-11-01;"MAD";39,4399986267;"online";"I2";NA;297
"user1";2018-11-01;"VGO";56,9099998474;"online";"I2";NA;298
"user10";2018-11-01;"LGW";46,2799987793;"online";"I2";NA;299
"user7";2018-11-01;"MAD";42,8600006104;"online";"I2";NA;300
"user2";2018-11-01;"MAD";183,25;"travel agency";"I2";NA;301
"user2";2018-11-01;"MAD";145,410003662;"online";"I2";NA;302
"user3";2018-11-01;"AMS";106,480003357;"travel agency";"I2";NA;303
"user10";2018-11-01;"MAD";24,0300006866;"online";"I2";NA;304
"user4";2018-11-01;"NAP";49,5200004578;"online";"I2";NA;305
"user7";2018-11-01;"MAD";96,5999984741;"travel agency";"I2";NA;306
"user7";2018-11-01;"MAD";28,1499996185;"online";"I2";NA;307
"user5";2018-11-01;"MAD";28,9699993134;"online";"I2";NA;308
"user9";2018-11-01;"MAD";47,4099998474;"online";"I2";NA;309
"user2";2018-11-01;"MAD";131,190002441;"online";"I2";NA;310
"user4";2018-11-02;"TXL";39,0299987793;"online";"I2";NA;311
"user9";2018-11-01;"MAD";180,970001221;"call center";"I2";NA;312
"user5";2018-10-31;"AMS";57,75;"travel agency";"I2";NA;313
"user8";2018-11-01;"AGP";NA;"online";"I2";NA;314
"user3";2018-10-30;"CAG";186,720001221;"travel agency";"I2";NA;315
"user3";2018-11-01;"IBZ";59,5;"online";"I2";NA;316
"user9";2018-11-01;"SVQ";22,7900009155;"online";"I2";NA;317
"user5";2018-11-01;"MAD";15;"online";"I2";NA;318
"user4";2018-11-01;"MAD";59,1100006104;"travel agency";"I2";NA;319
"user4";2018-11-01;"SCQ";21,0699996948;"online";"I2";NA;320
"user6";2018-11-01;"MAD";26,6100006104;"online";"I2";NA;321
"user3";2018-10-29;"MAD";62,9399986267;"online";"I2";NA;322
"user3";2018-11-01;"ALC";83,5599975586;"travel agency";"I2";NA;323
"user8";2018-10-29;"TFN";67,4899978638;"online";"I2";NA;324
"user7";2018-10-31;"MAD";4,90000009537;"online";"I2";NA;325
"user4";2018-10-29;"TXL";61,4900016785;"online";"I2";NA;326
"user8";2018-10-29;"MAD";22,6800003052;"online";"I2";NA;327
"user1";2018-10-31;"MAD";66,5;"online";"I2";NA;328
"user1";2018-11-01;"MAD";97,3499984741;"online";"I2";NA;329
"user10";2018-11-03;"MAD";154,440002441;"online";"I2";NA;330
"user5";2018-11-01;"MAD";21,3299999237;"call center";"I2";NA;331
"user7";2018-11-01;"MAD";31,9799995422;"online";"I2";NA;332
"user8";2018-11-01;"MAD";101,480003357;"online";"I2";NA;333
"user6";2018-10-30;"TXL";43,6300010681;"online";"I2";NA;334
"user3";2018-11-01;"MAD";503,010009766;"travel agency";"I2";NA;335
"user4";2018-11-01;"SCQ";37,5999984741;"online";"I2";NA;336
"user8";2018-11-01;"MAD";52,5200004578;"travel agency";"I2";NA;337
"user7";2018-11-01;"AGP";338,940002441;"travel agency";"I2";NA;338
"user5";2018-10-29;"MAD";44,0499992371;"travel agency";"I2";NA;339
"user6";2018-11-01;"XRY";85,5800018311;"online";"I2";NA;340
"user8";2018-11-01;"LGW";139,490005493;"call center";"I2";NA;341
"user5";2018-11-01;"XRY";219,949996948;"travel agency";"I2";NA;342
"user2";2018-10-30;"MAD";54,8699989319;"travel agency";"I2";NA;343
"user7";2018-11-01;"MAD";134,190002441;"travel agency";"I2";NA;344
"user5";2018-11-03;"MAD";79,3099975586;"travel agency";"I2";NA;345
"user1";2018-11-03;"MAD";47,8699989319;"online";"I2";NA;346
"user3";2018-10-29;"MAD";58,3400001526;"travel agency";"I2";NA;347
"user9";2018-11-01;"MAD";114,629997253;"travel agency";"I2";NA;348
"user10";2018-11-02;"TXL";53,6300010681;"online";"I2";NA;349
"user4";2018-11-01;"LPA";162;"travel agency";"I2";NA;350
"user3";2018-11-01;"AGP";74,0699996948;"online";"I2";NA;351
"user9";2018-10-31;"SCQ";35,2999992371;"travel agency";"I2";NA;352
"user9";2018-11-01;"TFS";70,6800003052;"travel agency";"I2";NA;353
"user5";2018-11-01;"DUS";91,7300033569;"online";"I2";NA;354
"user2";2018-11-01;"DUB";58,1100006104;"online";"I2";NA;355
"user5";2018-10-29;"TFN";28,0599994659;"online";"I2";NA;356
"user3";2018-10-31;"MAD";40,2099990845;"travel agency";"I2";"Spain";357
"user6";2018-11-01;"RIX";115,629997253;"online";"I2";NA;358
"user9";2018-11-01;"MAD";50,9500007629;"travel agency";"I2";NA;359
"user1";2018-11-01;"LPA";33,6800003052;"online";"I2";NA;360
"user8";2018-11-01;"LPA";187,580001831;"travel agency";"I2";NA;361
"user4";2018-11-01;"MAD";9,75;"online";"I2";NA;362
"user7";2018-10-30;"CDG";71,8399963379;"online";"I2";NA;363
"user7";2018-11-01;"MAD";101,839996338;"online";"I2";NA;364
"user1";2018-11-01;"MAD";2,38000011444;"call center";"I2";NA;365
"user8";2018-11-01;"MAD";53,8699989319;"online";"I2";NA;366
"user6";2018-11-01;"TFS";97,4599990845;"online";"I2";NA;367
"user4";2018-11-02;"TFS";39,3199996948;"online";"I2";NA;368
"user10";2018-11-01;"MAD";37,5;"online";"I2";NA;369
"user2";2018-11-01;"SVQ";40,5600013733;"online";"I2";NA;370
"user6";2018-11-01;"NCE";54,6100006104;"online";"I2";NA;371
"user8";2018-11-02;"MAD";114,559997559;"travel agency";"I2";NA;372
"user6";2018-11-01;"MAH";73,5500030518;"online";"I2";NA;373
"user3";2018-11-02;"NAP";65,4000015259;"travel agency";"I2";NA;374
"user10";2018-11-01;"RNS";103,160003662;"call center";"I2";NA;375
"user10";2018-11-01;"MAD";211;"online";"I2";NA;376
"user7";2018-11-01;"MAD";34,9500007629;"online";"I2";NA;377
"user2";2018-11-01;"MAD";90,75;"online";"I2";NA;378
"user6";2018-11-01;"MAD";20,7900009155;"call center";"I2";NA;379
"user3";2018-10-30;"ACE";46,9300003052;"online";"I2";NA;380
"user1";2018-11-01;"MAD";58,0600013733;"online";"I2";NA;381
"user6";2018-10-30;"MAD";96,1500015259;"travel agency";"I2";NA;382
"user8";2018-11-01;"MAD";87;"online";"I2";"Spain";383
"user5";2018-11-01;"IBZ";48,3499984741;"online";"I2";NA;384
"user3";2018-10-29;"MAD";64,8300018311;"travel agency";"I2";NA;385
"user3";2018-10-29;"LPA";114,129997253;"travel agency";"I2";NA;386
"user4";2018-11-01;"PMI";61,4500007629;"online";"I2";NA;387
"user1";2018-11-01;"MAD";41,2999992371;"travel agency";"I2";NA;388
"user4";2018-11-01;"MAD";233,339996338;"travel agency";"I2";NA;389
"user10";2018-11-01;"GRX";87,5899963379;"online";"I2";NA;390
"user6";2018-11-03;"NTE";38,7999992371;"online";"I2";NA;391
"user7";2018-11-01;"MAD";59,7700004578;"online";"I2";NA;392
"user1";2018-11-01;"ALC";54,6699981689;"online";"I2";NA;393
"user7";2018-11-01;"MAD";49,6399993896;"online";"I2";NA;394
"user10";2018-11-01;"MAD";18,1700000763;"online";"I2";NA;395
"user6";2018-11-01;"MAD";22;"travel agency";"I2";NA;396
"user7";2018-11-01;"MAD";122,370002747;"travel agency";"I2";NA;397
"user9";2018-11-01;"TFN";52,7400016785;"online";"I2";NA;398
"user10";2018-11-01;"MAD";164,970001221;"online";"I2";NA;399
"user7";2018-10-31;"CPH";48,3400001526;"online";"I2";NA;400
"user5";2018-11-01;"MAD";70,3499984741;"online";"I2";NA;401
"user2";2018-10-30;"LGW";59,3600006104;"online";"I2";NA;402
"user5";2018-11-01;"IBZ";108,940002441;"online";"I2";NA;403
"user9";2018-11-01;"ALC";32,8100013733;"online";"I2";NA;404
"user9";2018-11-01;"MAD";414,119995117;"travel agency";"I2";NA;405
"user6";2018-10-29;"MAD";58,0299987793;"online";"I2";NA;406
"user9";2018-11-01;"AMS";106,480003357;"travel agency";"I2";NA;407
"user4";2018-11-01;"SCQ";321;"travel agency";"I2";NA;408
"user2";2018-11-01;"JMK";99,8499984741;"online";"I2";NA;409
"user5";2018-10-31;"TLS";159,380004883;"travel agency";"I2";NA;410
"user3";2018-11-01;"MAD";156,630004883;"call center";"I2";NA;411
"user9";2018-11-02;"TFS";96,2900009155;"travel agency";"I2";NA;412
"user8";2018-11-01;"SVQ";32,3699989319;"online";"I2";NA;413
"user7";2018-11-01;"LPA";38,8899993896;"online";"I2";NA;414
"user8";2018-11-01;"MAD";63,3400001526;"online";"I2";NA;415
"user8";2018-11-01;"MAD";49,3499984741;"travel agency";"I2";NA;416
"user5";2018-11-02;"PMI";41,75;"online";"I2";NA;417
"user7";2018-11-01;"IBZ";79,5800018311;"online";"I2";NA;418
"user1";2018-11-01;"ALC";26,2999992371;"online";"I2";NA;419
"user9";2018-11-03;"MAD";24,8099994659;"travel agency";"I2";NA;420
"user1";2018-11-01;"MAD";59,3100013733;"online";"I2";NA;421
"user2";2018-11-01;"MAD";24,8500003815;"travel agency";"I2";NA;422
"user8";2018-11-01;"MAD";62,2099990845;"travel agency";"I2";NA;423
"user9";2018-10-29;"SPC";80,8099975586;"online";"I2";NA;424
"user8";2018-11-01;"MAD";30,5100002289;"online";"I2";NA;425
"user7";2018-10-30;"MAD";34,4399986267;"online";"I2";NA;426
"user3";2018-11-01;"MAD";28,3999996185;"travel agency";"I2";NA;427
"user7";2018-11-01;"FUE";28,6800003052;"online";"I2";NA;428
"user10";2018-11-01;"MAD";19,5499992371;"online";"I2";NA;429
"user2";2018-11-01;"MAD";31,0200004578;"online";"I2";NA;430
"user2";2018-11-01;"PMI";30,0100002289;"online";"I2";NA;431
"user9";2018-11-01;"LPA";169,710006714;"travel agency";"I2";NA;432
"user9";2018-10-31;"MAD";NA;"online";"I2";NA;433
"user1";2018-11-01;"LGW";222,850006104;"online";"I2";NA;434
"user9";2018-11-01;"MAD";67,7099990845;"travel agency";"I2";NA;435
"user9";2018-11-01;"MAD";111,379997253;"online";"I2";NA;436
"user7";2018-11-01;"MAD";39,0099983215;"online";"I2";NA;437
"user4";2018-10-29;"MAD";48,2099990845;"travel agency";"I2";NA;438
"user2";2018-10-29;"MAD";18,4599990845;"travel agency";"I2";NA;439
"user5";2018-11-01;"SPC";221;"travel agency";"I2";NA;440
"user7";2018-10-29;"ACE";118,230003357;"online";"I2";NA;441
"user3";2018-11-01;"TLS";39,1100006104;"online";"I2";NA;442
"user8";2018-10-29;"MAD";33,9399986267;"online";"I2";NA;443
"user5";2018-11-01;"MAD";336,589996338;"online";"I2";NA;444
"user2";2018-11-01;"TLS";57,3800010681;"online";"I2";NA;445
"user9";2018-11-01;"MAD";49,6699981689;"travel agency";"I2";NA;446
"user8";2018-11-01;"FUE";37,8199996948;"call center";"I2";NA;447
"user6";2018-10-29;"SVQ";34,7900009155;"travel agency";"I2";NA;448
"user10";2018-11-01;"TFN";46,25;"online";"I2";NA;449
"user2";2018-11-02;"TLS";28,9099998474;"online";"I2";NA;450
"user10";2018-11-01;"SVQ";41,3400001526;"online";"I2";NA;451
"user5";2018-11-01;"SVQ";13,1000003815;"online";"I2";NA;452
"user7";2018-11-01;"MAD";358,029998779;"travel agency";"I2";NA;453
"user8";2018-11-01;"MAD";69,2099990845;"online";"I2";NA;454
"user7";2018-10-31;"MAD";67,1100006104;"travel agency";"I2";NA;455
"user1";2018-11-01;"MAD";5,32000017166;"travel agency";"I2";NA;456
"user6";2018-11-01;"TFN";144,919998169;"online";"I2";NA;457
"user9";2018-10-29;"LYS";53,7799987793;"online";"I2";NA;458
"user9";2018-10-29;"LPA";68,0500030518;"online";"I2";NA;459
"user6";2018-11-01;"FRA";91,9599990845;"travel agency";"I2";NA;460
"user8";2018-11-01;"MAD";74,6699981689;"travel agency";"I2";NA;461
"user2";2018-11-01;"MAD";51,8199996948;"travel agency";"I2";NA;462
"user2";2018-11-01;"MAD";34,6199989319;"online";"I2";NA;463
"user6";2018-11-01;"PMI";67,3300018311;"online";"I2";NA;464
"user2";2018-11-01;"MAD";183,86000061;"travel agency";"I2";NA;465
"user2";2018-11-01;"VGO";205,88999939;"travel agency";"I2";NA;466
"user2";2018-11-01;"VGO";24,6700000763;"online";"I2";NA;467
"user4";2018-10-31;"LPA";271,350006104;"online";"I2";NA;468
"user9";2018-11-01;"LGW";5,94000005722;"online";"I2";NA;469
"user1";2018-11-01;"CMH";165,440002441;"online";"I2";NA;470
"user2";2018-11-01;"CDG";85,4100036621;"online";"I2";NA;471
"user10";2018-10-31;"MAD";123,569999695;"travel agency";"I2";NA;472
"user9";2018-10-31;"MAD";39,7200012207;"travel agency";"I2";NA;473
"user7";2018-11-01;"MAD";355,380004883;"call center";"I2";NA;474
"user8";2018-11-01;"IBZ";93,7399978638;"online";"I2";NA;475
"user2";2018-11-01;"SCQ";55,3899993896;"online";"I2";NA;476
"user5";2018-11-01;"MAD";114,650001526;"online";"I2";NA;477
"user1";2018-10-29;"TXL";29,0300006866;"online";"I2";NA;478
"user5";2018-11-02;"TFS";25,1900005341;"online";"I2";NA;479
"user8";2018-11-01;"MAD";47,5299987793;"online";"I2";NA;480
"user7";2018-10-29;"TFN";22,6900005341;"online";"I2";NA;481
"user5";2018-11-01;"BRU";210,559997559;"travel agency";"I2";NA;482
"user4";2018-11-01;"MAD";23;"online";"I2";NA;483
"user9";2018-10-31;"PMI";19,2800006866;"online";"I2";NA;484
"user8";2018-11-01;"SCQ";46,1300010681;"online";"I2";NA;485
"user5";2018-11-01;"SVQ";NA;"online";"I2";NA;486
"user7";2018-11-01;"MAD";24,8099994659;"online";"I2";NA;487
"user5";2018-11-01;"SPC";128,75;"online";"I2";NA;488
"user2";2018-10-29;"TXL";91,4199981689;"online";"I2";NA;489
"user5";2018-11-01;"MAD";178,509994507;"travel agency";"I2";NA;490
"user3";2018-11-02;"NTE";14;"online";"I2";NA;491
"user10";2018-11-01;"LPA";51,3100013733;"call center";"I2";NA;492
"user3";2018-11-01;"MAD";335,720001221;"travel agency";"I2";NA;493
"user9";2018-11-01;"MAD";87,9499969482;"online";"I2";NA;494
"user10";2018-11-03;"MAD";69,9599990845;"travel agency";"I2";NA;495
"user3";2018-11-01;"DUB";130,710006714;"online";"I2";NA;496
"user1";2018-11-01;"SVQ";38,3100013733;"online";"I2";NA;497
"user7";2018-11-01;"SPC";42,6399993896;"online";"I2";NA;498
"user3";2018-11-01;"SCQ";NA;"travel agency";"I2";NA;499
"user7";2018-11-01;"BRU";64,4899978638;"travel agency";"I2";NA;500
"user9";2018-10-29;"TFN";30,9599990845;"online";"I2";NA;501
"user8";2018-10-29;"TFN";15,1300001144;"online";"I2";NA;502
"user6";2018-11-01;"TFN";86,1200027466;"online";"I2";NA;503
"user10";2018-11-03;"MAD";46,8199996948;"online";"I2";NA;504
"user4";2018-11-01;"MAD";63,5099983215;"online";"I2";NA;505
"user7";2018-11-01;"TFS";60,2099990845;"online";"I2";NA;506
"user4";2018-11-01;"TFN";15,1300001144;"online";"I2";NA;507
"user1";2018-11-01;"MAD";49,4399986267;"online";"I2";NA;508
"user3";2018-11-02;"AMS";50,3100013733;"online";"I2";NA;509
"user1";2018-11-01;"STR";64,2799987793;"online";"I2";NA;510
"user5";2018-11-01;"MAD";10,6300001144;"online";"I2";NA;511
"user4";2018-11-01;"PMI";20,3600006104;"call center";"I2";NA;512
"user10";2018-10-30;"PMI";26,5300006866;"travel agency";"I2";NA;513
"user9";2018-10-29;"MAD";124,809997559;"online";"I2";NA;514
"user9";2018-11-02;"FUE";47,2999992371;"travel agency";"I2";NA;515
"user2";2018-10-29;"SCQ";35,5999984741;"travel agency";"I2";NA;516
"user4";2018-11-01;"SVQ";32,3699989319;"online";"I2";NA;517
"user2";2018-11-01;"MAD";91,8099975586;"online";"I2";NA;518
"user9";2018-10-30;"NTE";64,7399978638;"call center";"I2";NA;519
"user3";2018-11-01;"AGP";255,779998779;"travel agency";"I2";NA;520
"user7";2018-11-01;"MAD";46,5499992371;"travel agency";"I2";NA;521
"user2";2018-11-01;"MAD";66,6600036621;"online";"I2";NA;522
"user6";2018-11-02;"TFN";53,8199996948;"travel agency";"I2";NA;523
"user3";2018-10-31;"LPA";7,44000005722;"travel agency";"I2";"Spain";524
"user9";2018-11-01;"MAD";46,6399993896;"online";"I2";NA;525
"user7";2018-11-01;"LGA";24,8500003815;"travel agency";"I2";NA;526
"user6";2018-11-01;"MAD";115,300003052;"online";"I2";NA;527
"user7";2018-11-01;"TFN";46,4799995422;"online";"I2";NA;528
"user2";2018-11-01;"MAD";58,4399986267;"online";"I2";NA;529
"user2";2018-11-01;"VGO";49,0299987793;"online";"I2";NA;530
"user4";2018-11-01;"XRY";41,3199996948;"travel agency";"I2";NA;531
"user3";2018-10-31;"MAD";572,409973145;"travel agency";"I2";NA;532
"user10";2018-10-29;"MAD";17,3199996948;"travel agency";"I2";NA;533
"user6";2018-11-01;"MAD";42,7400016785;"online";"I2";NA;534
"user5";2018-11-01;"XRY";22;"travel agency";"I2";NA;535
"user8";2018-11-01;"MAD";82,8399963379;"online";"I2";NA;536
"user7";2018-11-01;"SVQ";28,6000003815;"online";"I2";NA;537
"user4";2018-11-01;"PMI";41,6399993896;"travel agency";"I2";NA;538
"user6";2018-10-31;"AGP";29,1399993896;"online";"I2";NA;539
"user2";2018-11-01;"TXL";146,429992676;"travel agency";"I2";NA;540
"user2";2018-11-01;"MAD";147,339996338;"travel agency";"I2";NA;541
"user10";2018-11-01;"MAD";4,73999977112;"call center";"I2";NA;542
"user1";2018-10-29;"TXL";258,220001221;"online";"I2";NA;543
"user3";2018-11-01;"MAD";27,9699993134;"online";"I2";NA;544
"user10";2018-11-01;"VGO";229,820007324;"travel agency";"I2";NA;545
"user6";2018-11-01;"MAD";19,2000007629;"travel agency";"I2";NA;546
"user8";2018-10-29;"LPA";37,5999984741;"travel agency";"I2";NA;547
"user3";2018-11-01;"FRA";330,420013428;"travel agency";"I2";NA;548
"user1";2018-11-01;"SCQ";22,25;"online";"I2";NA;549
"user6";2018-11-01;"MAD";340,940002441;"online";"I2";NA;550
"user3";2018-11-01;"CDG";33,25;"online";"I2";NA;551
"user10";2018-11-01;"MAD";169,710006714;"travel agency";"I2";NA;552
"user2";2018-11-01;"MAH";48,3499984741;"online";"I2";"Spain";553
"user3";2018-11-01;"MAD";140,88999939;"online";"I2";NA;554
"user9";2018-11-01;"SVQ";90,4599990845;"travel agency";"I2";NA;555
"user10";2018-11-01;"MAD";66,5500030518;"online";"I2";NA;556
"user9";2018-10-29;"MAD";7,19999980927;"online";"I2";NA;557
"user4";2018-11-01;"MAH";46,0999984741;"online";"I2";NA;558
"user10";2018-11-02;"CPH";91,3199996948;"online";"I2";NA;559
"user9";2018-11-01;"MAD";67,1200027466;"online";"I2";NA;560
"user8";2018-11-01;"MAD";111,300003052;"travel agency";"I2";NA;561
"user5";2018-11-01;"MAD";114,480003357;"travel agency";"I2";NA;562
"user9";2018-11-01;"MAD";195,410003662;"online";"I2";NA;563
"user9";2018-11-02;"TFN";77,6800003052;"travel agency";"I2";NA;564
"user2";2018-11-01;"AMS";48;"travel agency";"I2";NA;565
"user6";2018-11-03;"MAD";29,3799991608;"online";"I2";NA;566
"user2";2018-11-01;"SPC";61,1199989319;"travel agency";"I2";NA;567
"user2";2018-11-01;"MAD";50,7799987793;"online";"I2";NA;568
"user10";2018-11-01;"MAD";36,7999992371;"online";"I2";NA;569
"user8";2018-11-01;"MAD";77,4400024414;"online";"I2";NA;570
"user9";2018-11-01;"PMI";20,7000007629;"call center";"I2";NA;571
"user2";2018-11-01;"BPS";17,5699996948;"online";"I2";NA;572
"user7";2018-10-31;"PMI";25,0599994659;"online";"I2";NA;573
"user3";2018-10-30;"MAD";34,7299995422;"travel agency";"I2";NA;574
"user2";2018-11-01;"AMS";125,309997559;"online";"I2";NA;575
"user5";2018-11-01;"TFN";138,919998169;"travel agency";"I2";NA;576
"user2";2018-11-01;"MAD";236,130004883;"travel agency";"I2";NA;577
"user3";2018-11-01;"LPA";62,1199989319;"online";"I2";NA;578
"user1";2018-11-01;"TFN";95,8300018311;"online";"I2";NA;579
"user6";2018-11-01;"TXL";70,3399963379;"online";"I2";NA;580
"user4";2018-11-01;"SCQ";38,8800010681;"travel agency";"I2";NA;581
"user4";2018-10-29;"MAD";34,4700012207;"online";"I2";NA;582
"user2";2018-10-31;"MAD";53,2799987793;"online";"I2";NA;583
"user5";2018-11-02;"MAD";17,8099994659;"call center";"I2";NA;584
"user3";2018-11-02;"SVQ";96,5400009155;"online";"I2";"Spain";585
"user6";2018-11-01;"MAD";72,3700027466;"online";"I2";NA;586
"user5";2018-11-01;"MAD";12,6099996567;"online";"I2";NA;587
"user1";2018-11-01;"MAD";7,5;"call center";"I2";NA;588
"user4";2018-10-30;"MAD";62,2000007629;"travel agency";"I2";NA;589
"user5";2018-11-02;"SCQ";27,6900005341;"travel agency";"I2";NA;590
"user10";2018-11-01;"VGO";119,339996338;"online";"I2";NA;591
"user7";2018-11-01;"STR";NA;"online";"I2";NA;592
"user4";2018-11-01;"PMI";28,4200000763;"online";"I2";NA;593
"user7";2018-11-02;"SVQ";34,1399993896;"online";"I2";NA;594
"user9";2018-11-02;"MAD";34,3300018311;"online";"I2";NA;595
"user4";2018-11-01;"MAD";75,6500015259;"online";"I2";NA;596
"user10";2018-11-01;"MAD";279,450012207;"travel agency";"I2";NA;597
"user2";2018-11-02;"PMI";15,5600004196;"travel agency";"I2";NA;598
"user3";2018-11-01;"TFS";67,8799972534;"online";"I2";NA;599
"user5";2018-11-01;"MAD";70,0800018311;"online";"I2";NA;600
"user10";2018-11-01;"MAD";42,8899993896;"online";"I2";NA;601
"user4";2018-11-01;"CWB";25,2399997711;"call center";"I2";NA;602
"user9";2018-11-01;"MAD";94,4800033569;"travel agency";"I2";NA;603
"user2";2018-11-01;"MAD";117,300003052;"travel agency";"I2";NA;604
"user4";2018-11-01;"GIG";27,5900001526;"travel agency";"I2";NA;605
"user9";2018-11-01;"MAD";172,330001831;"online";"I2";NA;606
"user4";2018-11-01;"SVQ";17,2800006866;"online";"I2";NA;607
"user2";2018-11-02;"MAD";158,449996948;"travel agency";"I2";NA;608
"user5";2018-11-01;"MAD";86,7699966431;"online";"I2";NA;609
"user5";2018-11-01;"MAD";183,839996338;"online";"I2";NA;610
"user7";2018-11-02;"PMI";45,2999992371;"online";"I2";NA;611
"user6";2018-11-01;"PMI";32,3800010681;"online";"I2";NA;612
"user6";2018-11-01;"MAD";32,7700004578;"online";"I2";NA;613
"user4";2018-11-01;"MAD";34,5499992371;"online";"I2";NA;614
"user9";2018-10-30;"MAD";84,0299987793;"online";"I2";NA;615
"user9";2018-10-31;"CAG";133,169998169;"online";"I2";NA;616
"user10";2018-10-30;"NAP";81,0100021362;"online";"I2";NA;617
"user10";2018-11-01;"TFN";50,5400009155;"online";"I2";NA;618
"user10";2018-11-02;"MAD";36,8100013733;"travel agency";"I2";NA;619
"user3";2018-11-01;"MAD";55,3699989319;"online";"I2";NA;620
"user8";2018-11-01;"SCQ";6,98000001907;"online";"I2";NA;621
"user1";2018-11-01;"MAD";54,5299987793;"online";"I2";NA;622
"user10";2018-11-01;"AGP";46,4799995422;"online";"I2";NA;623
"user3";2018-10-29;"AMS";62,3100013733;"online";"I2";NA;624
"user4";2018-11-01;"LPA";26,5499992371;"online";"I2";NA;625
"user7";2018-11-02;"MAD";50,6800003052;"online";"I2";NA;626
"user2";2018-11-01;"SVQ";32,3699989319;"online";"I2";NA;627
"user9";2018-10-29;"MAD";44,4399986267;"online";"I2";NA;628
"user5";2018-11-01;"MAD";145,029998779;"online";"I2";NA;629
"user3";2018-11-02;"MAD";62,9000015259;"online";"I2";NA;630
"user5";2018-11-01;"TFS";159,539993286;"travel agency";"I2";NA;631
"user1";2018-11-01;"MAD";66,9100036621;"online";"I2";NA;632
"user4";2018-11-01;"MAD";175,880004883;"online";"I2";NA;633
"user1";2018-11-01;"MAD";715,010009766;"online";"I2";NA;634
"user8";2018-11-01;"MAD";46,0999984741;"online";"I2";NA;635
"user1";2018-10-30;"TXL";29,0699996948;"online";"I2";NA;636
"user9";2018-11-01;"MAD";23,1399993896;"online";"I2";NA;637
"user5";2018-11-01;"MAD";22;"travel agency";"I2";NA;638
"user8";2018-11-01;"CDG";80,6699981689;"online";"I2";NA;639
"user10";2018-11-01;"MAD";86,5;"travel agency";"I2";NA;640
"user5";2018-10-29;"MAD";185,419998169;"travel agency";"I2";NA;641
"user7";2018-11-01;"MAD";104,290000916;"online";"I2";NA;642
"user8";2018-11-01;"VGO";84,1600036621;"online";"I2";"Spain";643
"user7";2018-10-29;"LYS";63,4500007629;"travel agency";"I2";NA;644
"user10";2018-10-30;"CDG";108,839996338;"online";"I2";NA;645
"user3";2018-11-01;"MAD";46,9700012207;"travel agency";"I2";NA;646
"user8";2018-11-01;"MAD";93;"online";"I2";NA;647
"user9";2018-11-01;"MAD";128,520004272;"online";"I2";NA;648
"user5";2018-11-01;"MAD";111,11000061;"online";"I2";NA;649
"user1";2018-11-02;"MAD";13,7399997711;"online";"I2";NA;650
"user7";2018-11-01;"MAD";212,899993896;"travel agency";"I2";NA;651
"user2";2018-11-02;"MAD";49,4399986267;"travel agency";"I2";NA;652
"user1";2018-10-29;"NAP";123,559997559;"travel agency";"I2";NA;653
"user1";2018-11-01;"ACE";77,0800018311;"online";"I2";NA;654
"user1";2018-11-01;"MAD";136,220001221;"travel agency";"I2";NA;655
"user7";2018-11-01;"MAD";24,6599998474;"online";"I2";NA;656
"user6";2018-11-01;"LPA";39,3199996948;"online";"I2";"Spain";657
"user9";2018-10-29;"MAD";113,580001831;"travel agency";"I2";NA;658
"user6";2018-11-01;"MAD";63,5;"online";"I2";NA;659
"user10";2018-10-31;"SVQ";85,4499969482;"travel agency";"I2";NA;660
"user7";2018-10-30;"LPA";57,8800010681;"online";"I2";NA;661
"user1";2018-11-01;"LPA";98,7699966431;"online";"I2";NA;662
"user9";2018-11-01;"MAD";139,119995117;"travel agency";"I2";NA;663
"user6";2018-11-01;"ALC";158,869995117;"travel agency";"I2";NA;664
"user8";2018-11-01;"ALC";96,0599975586;"online";"I2";NA;665
"user7";2018-11-01;"MAD";38,2799987793;"travel agency";"I2";NA;666
"user9";2018-11-01;"MAD";321,200012207;"online";"I2";NA;667
"user6";2018-11-01;"TXL";21,2099990845;"online";"I2";NA;668
"user8";2018-10-29;"LGW";156,630004883;"travel agency";"I2";NA;669
"user4";2018-11-01;"TFN";376,989990234;"online";"I2";NA;670
"user10";2018-11-01;"AMS";56,9000015259;"online";"I2";NA;671
"user10";2018-11-01;"MAD";72,5199966431;"travel agency";"I2";NA;672
"user5";2018-10-29;"LGW";30,5499992371;"online";"I2";NA;673
"user8";2018-11-01;"MAD";24,8199996948;"online";"I2";NA;674
"user9";2018-10-30;"LGW";154,009994507;"online";"I2";NA;675
"user2";2018-11-01;"MAD";20,75;"online";"I2";NA;676
"user6";2018-11-01;"MAD";39,4500007629;"online";"I2";NA;677
"user9";2018-11-01;"PMI";69,4300003052;"travel agency";"I2";NA;678
"user6";2018-11-01;"MAD";140;"travel agency";"I2";NA;679
"user4";2018-11-01;"TFN";55,0999984741;"online";"I2";NA;680
"user10";2018-11-03;"MAD";61,75;"travel agency";"I2";NA;681
"user8";2018-11-03;"TFN";192,759994507;"online";"I2";NA;682
"user8";2018-11-01;"MAD";40,2900009155;"online";"I2";NA;683
"user4";2018-11-01;"MAD";286,700012207;"travel agency";"I2";NA;684
"user9";2018-11-01;"MAD";103,779998779;"online";"I2";NA;685
"user8";2018-11-02;"SVQ";66,1100006104;"online";"I2";NA;686
"user9";2018-10-29;"NTE";28,1700000763;"online";"I2";NA;687
"user5";2018-11-01;"MAD";51,3400001526;"online";"I2";NA;688
"user10";2018-11-01;"MAD";113,430000305;"online";"I2";NA;689
"user6";2018-11-01;"AMS";228,119995117;"travel agency";"I2";NA;690
"user1";2018-10-29;"TXL";39,0400009155;"online";"I2";NA;691
"user7";2018-11-01;"MAD";20,2900009155;"online";"I2";NA;692
"user2";2018-11-03;"CDG";43,8300018311;"travel agency";"I2";NA;693
"user10";2018-11-01;"MAD";83,9899978638;"online";"I2";NA;694
"user1";2018-11-01;"MAD";313,529998779;"travel agency";"I2";NA;695
"user10";2018-11-01;"TFN";126,449996948;"travel agency";"I2";NA;696
"user1";2018-11-01;"KRK";88,5;"online";"I2";NA;697
"user10";2018-11-01;"SVQ";92,5299987793;"travel agency";"I2";NA;698
"user1";2018-10-30;"AMS";67,1399993896;"travel agency";"I2";NA;699
"user3";2018-10-30;"SVQ";86,2699966431;"online";"I2";NA;700
"user5";2018-10-29;"MAD";32,4199981689;"online";"I2";NA;701
"user3";2018-11-01;"MAD";65,1100006104;"online";"I2";NA;702
"user8";2018-11-01;"MAD";313,790008545;"travel agency";"I2";NA;703
"user6";2018-11-01;"PMI";67,1399993896;"online";"I2";NA;704
"user6";2018-10-31;"MAD";81,8099975586;"online";"I2";NA;705
"user5";2018-11-01;"SVQ";19,0400009155;"travel agency";"I2";NA;706
"user3";2018-11-01;"MAD";17,6100006104;"travel agency";"I2";"Spain";707
"user9";2018-11-01;"MAD";48,3499984741;"online";"I2";NA;708
"user2";2018-11-01;"MAD";57,6800003052;"travel agency";"I2";NA;709
"user2";2018-11-01;"TFN";220,460006714;"online";"I2";NA;710
"user9";2018-11-01;"MAD";112,970001221;"online";"I2";NA;711
"user3";2018-11-01;"MAD";131,210006714;"online";"I2";NA;712
"user4";2018-10-30;"MAD";22,6800003052;"online";"I2";NA;713
"user6";2018-11-01;"MAD";34,6300010681;"travel agency";"I2";NA;714
"user6";2018-11-01;"MAD";122,199996948;"call center";"I2";NA;715
"user3";2018-11-01;"MAD";67,0999984741;"online";"I2";NA;716
"user9";2018-11-01;"MAD";41,8300018311;"online";"I2";NA;717
"user5";2018-11-01;"MAD";139,720001221;"travel agency";"I2";NA;718
"user10";2018-10-30;"MAN";104,629997253;"online";"I2";NA;719
"user3";2018-11-01;"PMI";34;"online";"I2";NA;720
"user1";2018-11-01;"TFS";100,069999695;"online";"I2";NA;721
"user5";2018-11-01;"AGP";21,2900009155;"online";"I2";NA;722
"user5";2018-11-01;"MAH";24,3099994659;"online";"I2";NA;723
"user8";2018-10-30;"SCQ";35,9700012207;"travel agency";"I2";NA;724
"user8";2018-10-29;"TFN";22,2099990845;"travel agency";"I2";NA;725
"user9";2018-11-01;"MAD";35,1699981689;"call center";"I2";NA;726
"user10";2018-11-01;"TFN";16,4200000763;"call center";"I2";NA;727
"user3";2018-10-29;"MAD";79,4400024414;"online";"I2";NA;728
"user1";2018-11-01;"MAD";51,3300018311;"online";"I2";NA;729
"user4";2018-11-01;"MAD";21,2900009155;"online";"I2";NA;730
"user5";2018-11-01;"MAD";20,8099994659;"online";"I2";NA;731
"user3";2018-11-01;"MAD";42,9799995422;"online";"I2";NA;732
"user1";2018-11-01;"ALC";30,7000007629;"travel agency";"I2";NA;733
"user7";2018-10-29;"MAD";172,440002441;"online";"I2";NA;734
"user6";2018-11-01;"PMI";83,6500015259;"online";"I2";NA;735
"user3";2018-11-01;"TFN";250,929992676;"call center";"I2";NA;736
"user1";2018-11-01;"MAD";34,1399993896;"online";"I2";NA;737
"user1";2018-11-01;"MAD";158,600006104;"online";"I2";NA;738
"user10";2018-11-01;"IBZ";51,7700004578;"online";"I2";NA;739
"user6";2018-11-01;"SVQ";42,4500007629;"travel agency";"I2";NA;740
"user10";2018-11-01;"MAD";48,3499984741;"online";"I2";NA;741
"user3";2018-11-01;"DUS";90,5899963379;"travel agency";"I2";NA;742
"user1";2018-10-30;"CPH";85,9700012207;"online";"I2";NA;743
"user2";2018-11-01;"MAD";209,800003052;"travel agency";"I2";NA;744
"user9";2018-11-01;"MAD";88,2799987793;"online";"I2";NA;745
"user6";2018-11-02;"NCE";95,4400024414;"travel agency";"I2";NA;746
"user10";2018-11-01;"TXL";43,6300010681;"online";"I2";NA;747
"user8";2018-10-31;"MAD";48,9399986267;"online";"I2";NA;748
"user3";2018-11-01;"PMI";30,8400001526;"travel agency";"I2";NA;749
"user6";2018-11-01;"SDU";7,51000022888;"travel agency";"I2";NA;750
"user2";2018-11-01;"TXL";157,13999939;"travel agency";"I2";NA;751
"user2";2018-11-01;"TXL";96,6299972534;"online";"I2";NA;752
"user2";2018-11-01;"SCQ";34,1399993896;"online";"I2";NA;753
"user10";2018-11-01;"MAD";22,6800003052;"online";"I2";NA;754
"user2";2018-11-01;"TFS";158,210006714;"travel agency";"I2";NA;755
"user9";2018-11-01;"TFS";43,7700004578;"online";"I2";NA;756
"user6";2018-11-02;"CDG";41,8400001526;"travel agency";"I2";NA;757
"user1";2018-10-30;"PMI";21,2099990845;"online";"I2";NA;758
"user2";2018-11-01;"AMS";48,6699981689;"online";"I2";NA;759
"user8";2018-11-01;"PMI";16,9799995422;"online";"I2";NA;760
"user2";2018-11-01;"DUB";138,509994507;"online";"I2";NA;761
"user6";2018-11-01;"MAD";35,8300018311;"travel agency";"I2";NA;762
"user10";2018-11-01;"TFN";71,9400024414;"travel agency";"I2";NA;763
"user5";2018-11-01;"MAD";22,5300006866;"online";"I2";NA;764
"user3";2018-11-01;"MAD";183,029998779;"travel agency";"I2";NA;765
"user7";2018-11-01;"MAD";66,3799972534;"travel agency";"I2";NA;766
"user7";2018-11-01;"MAD";194,070007324;"online";"I2";NA;767
"user7";2018-11-01;"SCQ";115,089996338;"travel agency";"I2";NA;768
"user7";2018-11-01;"PMI";60,8600006104;"online";"I2";NA;769
"user1";2018-11-01;"MAD";NA;"online";"I2";NA;770
"user10";2018-11-02;"MAD";69,8300018311;"online";"I2";NA;771
"user6";2018-10-31;"MAD";41,8300018311;"online";"I2";NA;772
"user4";2018-11-02;"MAD";60,6599998474;"online";"I2";NA;773
"user4";2018-11-01;"MAD";54,6699981689;"online";"I2";NA;774
"user5";2018-11-01;"MAD";18,9500007629;"online";"I2";NA;775
"user3";2018-11-01;"MAD";105,910003662;"online";"I2";NA;776
"user9";2018-11-01;"PMI";10,970000267;"online";"I2";NA;777
"user3";2018-11-01;"MAD";60,2200012207;"travel agency";"I2";NA;778
"user4";2018-11-01;"LPA";37,9700012207;"travel agency";"I2";NA;779
"user1";2018-11-01;"MAD";140,479995728;"travel agency";"I2";NA;780
"user3";2018-11-01;"MAD";166,220001221;"online";"I2";NA;781
"user5";2018-11-01;"TFN";107,580001831;"travel agency";"I2";NA;782
"user2";2018-10-30;"MAD";48,9399986267;"online";"I2";NA;783
"user6";2018-11-01;"TFN";68,9899978638;"online";"I2";NA;784
"user2";2018-11-01;"AMS";204,380004883;"online";"I2";NA;785
"user8";2018-11-01;"MAD";70,0800018311;"online";"I2";NA;786
"user6";2018-11-03;"TFS";105,800003052;"travel agency";"I2";NA;787
"user9";2018-11-03;"MAD";148,440002441;"online";"I2";NA;788
"user3";2018-11-01;"VGO";51,7099990845;"online";"I2";NA;789
"user10";2018-11-01;"FUE";46,2799987793;"online";"I2";NA;790
"user5";2018-11-01;"MAD";91,0299987793;"online";"I2";NA;791
"user2";2018-10-29;"SCQ";38,2599983215;"travel agency";"I2";NA;792
"user8";2018-11-01;"PMI";40,0800018311;"travel agency";"I2";NA;793
"user4";2018-11-01;"MAD";55,4199981689;"online";"I2";NA;794
"user10";2018-11-01;"MAD";NA;"travel agency";"I2";NA;795
"user7";2018-11-01;"MAD";108,169998169;"online";"I2";NA;796
"user5";2018-10-31;"PMI";42,6699981689;"online";"I2";NA;797
"user10";2018-11-01;"MAD";48,3499984741;"online";"I2";NA;798
"user2";2018-11-01;"VGO";54,7400016785;"online";"I2";NA;799
"user10";2018-11-01;"JMK";103,599998474;"online";"I2";NA;800
"user2";2018-10-29;"MAD";105,209999084;"online";"I2";NA;801
"user6";2018-11-01;"MAD";54,0299987793;"travel agency";"I2";NA;802
"user5";2018-11-01;"MAD";131,339996338;"online";"I2";NA;803
"user9";2018-11-01;"MAD";268,470001221;"travel agency";"I2";NA;804
"user1";2018-11-01;"MAD";139,710006714;"travel agency";"I2";NA;805
"user6";2018-11-01;"MAD";27;"travel agency";"I2";NA;806
"user7";2018-11-01;"MAD";70,2799987793;"call center";"I2";NA;807
"user6";2018-11-01;"SCQ";15,8500003815;"online";"I2";NA;808
"user1";2018-10-31;"SPC";94,1600036621;"travel agency";"I2";NA;809
"user8";2018-11-01;"MAD";5;"online";"I2";NA;810
"user10";2018-11-01;"MAD";42,7299995422;"online";"I2";NA;811
"user3";2018-10-29;"MAD";34,5800018311;"online";"I2";NA;812
"user6";2018-11-01;"ALC";355,5;"online";"I2";NA;813
"user7";2018-11-02;"MAD";34,3300018311;"online";"I2";NA;814
"user1";2018-11-01;"MAD";109,379997253;"travel agency";"I2";NA;815
"user10";2018-11-01;"MAD";103,61000061;"online";"I2";NA;816
"user2";2018-11-01;"MAD";248,740005493;"online";"I2";NA;817
"user3";2018-11-01;"LPA";65,5400009155;"online";"I2";NA;818
"user4";2018-11-02;"MAD";97,1399993896;"online";"I2";NA;819
"user1";2018-10-29;"MAD";30,1299991608;"online";"I2";NA;820
"user6";2018-11-01;"MAD";174,779998779;"travel agency";"I2";NA;821
"user3";2018-11-01;"MAD";150,210006714;"online";"I2";NA;822
"user4";2018-10-29;"SVQ";135,190002441;"travel agency";"I2";NA;823
"user1";2018-11-02;"MAD";84,3099975586;"online";"I2";NA;824
"user1";2018-11-01;"MAD";135,440002441;"online";"I2";NA;825
"user2";2018-10-31;"TXL";86,5299987793;"travel agency";"I2";NA;826
"user8";2018-10-30;"MAD";76,6699981689;"travel agency";"I2";NA;827
"user4";2018-11-01;"SCQ";114,839996338;"travel agency";"I2";NA;828
"user7";2018-11-01;"MAD";403;"travel agency";"I2";NA;829
"user4";2018-11-01;"SCQ";21,1800003052;"online";"I2";NA;830
"user4";2018-11-01;"TFN";37,8199996948;"travel agency";"I2";NA;831
"user1";2018-11-01;"CDG";247,880004883;"travel agency";"I2";NA;832
"user10";2018-11-01;"MAN";0;"online";"I2";NA;833
"user10";2018-11-01;"LPA";58,9599990845;"online";"I2";NA;834
"user4";2018-11-01;"LPA";34,7299995422;"online";"I2";NA;835
"user3";2018-11-01;"SVQ";22;"travel agency";"I2";NA;836
"user9";2018-11-01;"MAD";121,790000916;"online";"I2";NA;837
"user4";2018-11-02;"TFN";25,8099994659;"online";"I2";NA;838
"user1";2018-10-29;"LGW";38,1300010681;"online";"I2";NA;839
"user9";2018-11-01;"MAD";58,3300018311;"travel agency";"I2";NA;840
"user3";2018-11-01;"MAD";194,869995117;"travel agency";"I2";NA;841
"user1";2018-11-01;"ACE";281,209991455;"travel agency";"I2";NA;842
"user3";2018-11-01;"MAD";36,2599983215;"online";"I2";NA;843
"user4";2018-11-01;"MAD";48,5900001526;"online";"I2";NA;844
"user7";2018-10-29;"TXL";144,029998779;"travel agency";"I2";NA;845
"user8";2018-11-01;"LPA";16,7099990845;"online";"I2";NA;846
"user3";2018-11-01;"PMI";120,309997559;"online";"I2";NA;847
"user7";2018-11-03;"MAD";41,3100013733;"travel agency";"I2";NA;848
"user3";2018-11-01;"TFN";70,8099975586;"online";"I2";NA;849
"user6";2018-11-01;"LPA";45,9599990845;"travel agency";"I2";NA;850
"user5";2018-11-01;"NCE";220,039993286;"online";"I2";NA;851
"user9";2018-11-01;"GIG";15,8000001907;"travel agency";"I2";NA;852
"user10";2018-11-01;"MAD";100,510002136;"call center";"I2";NA;853
"user8";2018-11-01;"IBZ";35,9300003052;"online";"I2";NA;854
"user6";2018-11-01;"PMI";85,6800003052;"online";"I2";NA;855
"user4";2018-11-01;"MAD";24,6700000763;"online";"I2";NA;856
"user7";2018-11-01;"MAD";182,490005493;"online";"I2";NA;857
"user9";2018-10-29;"TFS";18,2199993134;"travel agency";"I2";NA;858
"user10";2018-11-01;"MAD";52,2099990845;"online";"I2";NA;859
"user1";2018-11-01;"PMI";37,9599990845;"travel agency";"I2";NA;860
"user10";2018-11-01;"TFN";24,0499992371;"travel agency";"I2";NA;861
"user5";2018-11-01;"AMS";5;"online";"I2";NA;862
"user2";2018-11-01;"DUS";175,199996948;"travel agency";"I2";NA;863
"user2";2018-11-01;"PMI";45,1699981689;"travel agency";"I2";NA;864
"user3";2018-11-01;"MAD";122,089996338;"online";"I2";NA;865
"user9";2018-11-01;"MAD";76,9499969482;"travel agency";"I2";NA;866
"user4";2018-11-01;"ALC";122,529998779;"online";"I2";NA;867
"user2";2018-11-01;"MAD";19,0499992371;"travel agency";"I2";NA;868
"user8";2018-11-01;"TFS";85,9700012207;"online";"I2";NA;869
"user2";2018-11-01;"MAD";174,11000061;"travel agency";"I2";NA;870
"user7";2018-11-01;"MAD";31,6200008392;"online";"I2";NA;871
"user2";2018-11-01;"MAD";34,6199989319;"online";"I2";NA;872
"user5";2018-11-01;"AMS";83,9400024414;"travel agency";"I2";NA;873
"user2";2018-11-01;"JMK";103,599998474;"online";"I2";NA;874
"user8";2018-11-01;"MAD";45,5;"online";"I2";NA;875
"user9";2018-11-01;"TXL";62,8300018311;"travel agency";"I2";NA;876
"user10";2018-10-31;"MAD";26,4300003052;"travel agency";"I2";NA;877
"user6";2018-10-30;"LGW";34,0099983215;"travel agency";"I2";NA;878
"user3";2018-10-29;"MAD";44,2799987793;"travel agency";"I2";NA;879
"user6";2018-11-01;"ALC";34,9000015259;"online";"I2";NA;880
"user8";2018-11-01;"PMI";12,9600000381;"travel agency";"I2";NA;881
"user2";2018-11-02;"LGW";185,899993896;"online";"I2";NA;882
"user5";2018-11-03;"TXL";86,7200012207;"travel agency";"I2";NA;883
"user9";2018-10-30;"MAD";12,3800001144;"online";"I2";NA;884
"user10";2018-11-01;"MAD";44,4500007629;"travel agency";"I2";NA;885
"user2";2018-11-03;"MAD";136,320007324;"travel agency";"I2";NA;886
"user5";2018-11-01;"MAD";162,410003662;"online";"I2";NA;887
"user3";2018-11-01;"MAD";23,9799995422;"online";"I2";NA;888
"user1";2018-11-01;"MAD";21,8600006104;"online";"I2";NA;889
"user6";2018-11-01;"MAD";110,089996338;"online";"I2";NA;890
"user1";2018-11-02;"LGW";34,8899993896;"online";"I2";NA;891
"user9";2018-11-01;"MAD";26,9200000763;"online";"I2";NA;892
"user10";2018-10-31;"MAD";33,8499984741;"travel agency";"I2";NA;893
"user10";2018-11-01;"MAD";55,9799995422;"online";"I2";NA;894
"user10";2018-10-31;"DUB";41,5400009155;"online";"I2";NA;895
"user8";2018-11-01;"IBZ";20,8600006104;"online";"I2";NA;896
"user9";2018-11-01;"TFN";33,8100013733;"online";"I2";NA;897
"user9";2018-11-01;"MAD";175,479995728;"travel agency";"I2";NA;898
"user4";2018-10-29;"MAD";24,7700004578;"travel agency";"I2";NA;899
"user9";2018-11-01;"MAH";57,0400009155;"online";"I2";NA;900
"user7";2018-10-29;"MAD";42,5699996948;"travel agency";"I2";NA;901
"user7";2018-10-31;"MAD";133,740005493;"online";"I2";NA;902
"user3";2018-11-01;"MAD";68,3300018311;"online";"I2";NA;903
"user6";2018-10-30;"SCQ";30,7000007629;"online";"I2";NA;904
"user4";2018-11-01;"PMI";60,0600013733;"online";"I2";NA;905
"user10";2018-11-01;"MAD";23,2900009155;"online";"I2";NA;906
"user7";2018-11-01;"MAD";109,330001831;"online";"I2";NA;907
"user6";2018-11-01;"MAD";18,6700000763;"online";"I2";NA;908
"user3";2018-11-01;"BOD";54,8800010681;"online";"I2";NA;909
"user1";2018-10-29;"MAD";97,1399993896;"online";"I2";NA;910
"user5";2018-11-01;"ACE";35,3100013733;"online";"I2";NA;911
"user9";2018-11-01;"MAD";148,75;"call center";"I2";NA;912
"user10";2018-11-01;"SCQ";84,9100036621;"online";"I2";NA;913
"user8";2018-11-01;"TFS";15;"travel agency";"I2";NA;914
"user3";2018-11-01;"SVQ";52,0200004578;"travel agency";"I2";NA;915
"user5";2018-10-31;"TFN";110,669998169;"travel agency";"I2";NA;916
"user4";2018-11-01;"MAD";97,7200012207;"online";"I2";NA;917
"user5";2018-11-01;"SVQ";50,1300010681;"travel agency";"I2";NA;918
"user1";2018-11-01;"MAD";88,8099975586;"online";"I2";NA;919
"user5";2018-11-01;"PMI";42,0800018311;"travel agency";"I2";NA;920
"user7";2018-11-02;"MAD";304,380004883;"travel agency";"I2";NA;921
"user10";2018-10-30;"NAP";104,400001526;"online";"I2";NA;922
"user10";2018-11-01;"MAD";24,8099994659;"online";"I2";NA;923
"user1";2018-11-01;"MAD";72,1100006104;"travel agency";"I2";NA;924
"user2";2018-11-01;"MAD";34,4399986267;"travel agency";"I2";NA;925
"user6";2018-11-01;"MAN";40,1899986267;"online";"I2";NA;926
"user1";2018-11-01;"MAD";147,119995117;"travel agency";"I2";NA;927
"user1";2018-11-01;"MAD";12,6000003815;"travel agency";"I2";NA;928
"user4";2018-11-01;"SCQ";52,3600006104;"travel agency";"I2";NA;929
"user9";2018-11-01;"MAD";37,8100013733;"online";"I2";NA;930
"user3";2018-10-29;"MAD";102,709999084;"travel agency";"I2";NA;931
"user10";2018-11-01;"MAD";38,3899993896;"online";"I2";NA;932
"user9";2018-11-03;"MAD";40,4399986267;"travel agency";"I2";NA;933
"user2";2018-10-31;"MAD";20,2299995422;"online";"I2";NA;934
"user6";2018-11-01;"CPH";39,9700012207;"travel agency";"I2";NA;935
"user8";2018-11-01;"MAH";36,3499984741;"online";"I2";NA;936
"user6";2018-11-01;"TFN";56,0400009155;"travel agency";"I2";NA;937
"user5";2018-11-02;"TFN";15,1300001144;"travel agency";"I2";NA;938
"user4";2018-11-02;"MAD";29,1399993896;"travel agency";"I2";NA;939
"user4";2018-11-01;"MAD";28;"travel agency";"I2";NA;940
"user4";2018-11-01;"LPA";188,759994507;"travel agency";"I2";NA;941
"user7";2018-11-01;"CPH";175,460006714;"travel agency";"I2";NA;942
"user7";2018-11-01;"MAD";93,1800003052;"travel agency";"I2";NA;943
"user7";2018-11-01;"MAD";266,739990234;"online";"I2";NA;944
"user8";2018-11-01;"CDG";41,25;"travel agency";"I2";NA;945
"user3";2018-11-01;"TFS";98;"travel agency";"I2";NA;946
"user1";2018-11-01;"DUB";117,61000061;"online";"I2";NA;947
"user4";2018-11-01;"SCQ";127,120002747;"travel agency";"I2";NA;948
"user4";2018-11-01;"MAD";48,9700012207;"online";"I2";NA;949
"user2";2018-11-01;"PMI";23;"online";"I2";NA;950
"user4";2018-11-02;"RNS";133,529998779;"online";"I2";NA;951
"user2";2018-10-31;"LGW";46,3600006104;"online";"I2";NA;952
"user10";2018-11-01;"MAD";76,1999969482;"online";"I2";NA;953
"user5";2018-11-01;"TFN";31,5599994659;"online";"I2";NA;954
"user2";2018-11-01;"PMI";13;"travel agency";"I2";NA;955
"user2";2018-11-01;"SCQ";76,2600021362;"travel agency";"I2";NA;956
"user2";2018-11-01;"AMS";6,17999982834;"travel agency";"I2";NA;957
"user8";2018-11-01;"SPC";102,199996948;"travel agency";"I2";NA;958
"user7";2018-10-30;"LGW";27,0699996948;"online";"I2";NA;959
"user5";2018-10-30;"AGP";288,75;"online";"I2";NA;960
"user6";2018-10-30;"TFN";33,1399993896;"online";"I2";NA;961
"user2";2018-11-01;"MAD";53,2000007629;"online";"I2";NA;962
"user1";2018-11-01;"PMI";37,5999984741;"travel agency";"I2";NA;963
"user8";2018-11-01;"MAD";63,4099998474;"online";"I2";NA;964
"user9";2018-11-01;"LGA";8,71000003815;"travel agency";"I2";NA;965
"user6";2018-11-01;"LPA";19,3299999237;"online";"I2";NA;966
"user6";2018-11-01;"MAD";11,5500001907;"online";"I2";NA;967
"user1";2018-11-01;"MAD";115,099998474;"online";"I2";NA;968
"user1";2018-10-31;"MAD";35,5099983215;"travel agency";"I2";NA;969
"user7";2018-11-01;"MAD";100,459999084;"travel agency";"I2";NA;970
"user8";2018-11-01;"MAD";25,1100006104;"call center";"I2";NA;971
"user7";2018-11-01;"MAD";34,5;"travel agency";"I2";NA;972
"user4";2018-11-01;"VGO";38,2400016785;"online";"I2";NA;973
"user1";2018-11-01;"PMI";100,330001831;"online";"I2";NA;974
"user2";2018-11-01;"VGO";140,119995117;"travel agency";"I2";NA;975
"user10";2018-11-01;"MAD";192,440002441;"travel agency";"I2";NA;976
"user7";2018-11-01;"MAD";39,1100006104;"travel agency";"I2";NA;977
"user1";2018-11-01;"MAD";37,6199989319;"online";"I2";NA;978
"user9";2018-11-01;"CPH";83,3399963379;"online";"I2";NA;979
"user9";2018-11-01;"TFN";78,2300033569;"online";"I2";NA;980
"user7";2018-11-02;"AGP";208,910003662;"travel agency";"I2";NA;981
"user9";2018-11-01;"MAD";44,8899993896;"travel agency";"I2";NA;982
"user6";2018-11-01;"MAD";33,1800003052;"online";"I2";NA;983
"user8";2018-11-01;"MAD";45,7999992371;"online";"I2";NA;984
"user4";2018-11-01;"NCE";81,2099990845;"online";"I2";NA;985
"user8";2018-11-01;"MAD";174,619995117;"travel agency";"I2";NA;986
"user1";2018-11-01;"TFN";60,5099983215;"online";"I2";NA;987
"user8";2018-11-01;"LPA";31,6100006104;"travel agency";"I2";NA;988
"user5";2018-10-30;"MAD";63,0600013733;"travel agency";"I2";NA;989
"user9";2018-10-29;"AMS";83,9499969482;"travel agency";"I2";NA;990
"user1";2018-11-01;"MAD";86,9000015259;"online";"I2";NA;991
"user8";2018-11-01;"LYS";54,9700012207;"online";"I2";NA;992
"user2";2018-11-01;"MAD";NA;"online";"I2";NA;993
"user8";2018-11-01;"MAD";29,0200004578;"online";"I2";NA;994
"user9";2018-11-01;"SCQ";57,6199989319;"online";"I2";NA;995
"user2";2018-11-01;"JMK";99,8499984741;"online";"I2";NA;996
"user10";2018-11-01;"SVQ";34,6100006104;"online";"I2";NA;997
"user4";2018-10-30;"MAD";49,8800010681;"online";"I2";NA;998
"user10";2018-11-02;"CDG";152,960006714;"online";"I2";NA;999
"user6";2018-11-01;"MAD";98,3399963379;"online";"I2";NA;1000
